"164","NYTS Google Ads - Remarketing","sp","enableDynamicRemarketing=""false""; conversionId=""10777414690""; customParamsFormat=""NONE""; rdp=""false""","184,183","DR - pageview - synxis NYTS Only,DR - pv - margaritavilleresorts.com/margaritaville-resort-times-square page"
"167","NYTS Google Ads - Conversion","awct","enableNewCustomerReporting=""false""; enableConversionLinker=""true""; orderId=""{{ga 4 - room purchase - confirmation number}}""; enableProductReporting=""false""; conversionValue=""{{ga 4 - room purchase - total value - rooms and addons}}""; enableEnhancedConversion=""false""; conversionCookiePrefix=""_gcl""; enableShippingData=""false""; conversionId=""11112664383""; currencyCode=""{{ga 4 - CurrCode}}""; conversionLabel=""z94SCOL5gJEYEL-a97Ip""; rdp=""false""","176","ce - RoomPurchase - synxis - NYTS only New York Time Square 34443"
"174","NYTS Microsoft Ads - UET","baut","c_navTimingApi=""false""; tagId=""{{NYT Microsoft Ads UET ID}}""; c_storeConvTrackCookies=""true""; uetqName=""uetq""; c_disableAutoPageView=""false""; c_removeQueryFromUrls=""false""; eventType=""PAGE_LOAD""","183,184","DR - pv - margaritavilleresorts.com/margaritaville-resort-times-square page,DR - pageview - synxis NYTS Only"
"175","NYTS Microsoft Ads - Conversion","baut","goalValue=""{{dl.TotalCost - synxis}}""; p_currency=""USD""; uetqName=""uetq""; eventType=""CUSTOM""; eventLabel=""margaritaville-resort-times-square""","176","ce - RoomPurchase - synxis - NYTS only New York Time Square 34443"
"310","30563 - Nassau - GAds Reservation","awct","enableNewCustomerReporting=""false""; enableConversionLinker=""true""; orderId=""{{dl.ItineraryNo - synxis}}""; enableProductReporting=""false""; conversionValue=""{{dl.TotalCost - synxis}}""; enableEnhancedConversion=""false""; conversionCookiePrefix=""_gcl""; enableShippingData=""false""; conversionId=""16461797137""; currencyCode=""{{dl.CurrCode - synxis}}""; conversionLabel=""QdgPCJ2Wn58ZEJGuzKk9""; rdp=""false""","279","ce - RoomPurchase on synxis - Loc - Nassau 30563"
"312","31083 Jacksonville GADs - Confirmation Conversion","awct","enableNewCustomerReporting=""false""; enableConversionLinker=""true""; orderId=""{{dl. Confirmation ID - rpConfirmNo}}""; enableProductReporting=""false""; conversionValue=""{{dl.TotalCost - synxis}}""; enableEnhancedConversion=""false""; conversionCookiePrefix=""_gcl""; enableShippingData=""false""; conversionId=""10838592340""; currencyCode=""{{dl.CurrCode - synxis}}""; conversionLabel=""8I91CJet_7ADENSWn7Ao""; rdp=""false""","283","ce - RoomPurchase on synxis - Loc - Jacksonville Beach 31083"
"819","31083 Jacksonville Mic Ads UET - Page tag","baut","c_navTimingApi=""false""; tagId=""150000529""; c_storeConvTrackCookies=""true""; uetqName=""uetq""; c_disableAutoPageView=""false""; c_removeQueryFromUrls=""false""; c_enhancedConversion=""false""; eventType=""PAGE_LOAD""; c_enableAutoSpaTracking=""false""","283,811,247,230,265,852","ce - RoomPurchase on synxis - Loc - Jacksonville Beach 31083,Loc - Jacksonville Beach All Pages,ce - addons page on synxis - Loc - Jacksonville Beach 31083,ce - addToCart on synxis - Loc - Jacksonville Beach 31083,ce - begin_checkout on synxis - Loc - Jacksonville Beach 31083,ce - impressionLoad + true flag on rooms page - Loc - Margaritaville Hotel Jacksonville Beach 31083"
"847","10347 Compass Anna Maria Sound - GADS remarketing","sp","enableConversionLinker=""true""; enableDynamicRemarketing=""false""; conversionCookiePrefix=""_gcl""; conversionId=""480668213""; customParamsFormat=""NONE""; rdp=""false""","256,238,274,292,846,849","ce - addons page on synxis - Loc - Anna Maria Sound 10347,ce - addToCart on synxis - Loc - Anna Maria Sound 10347,ce - begin_checkout on synxis - Loc - Anna Maria Sound 10347,ce - RoomPurchase on synxis - Loc - Anna Maria Sound 10347,Loc - Compass - Anna Maria Sound - All Vanity Pages,ce - impressionLoad + true flag on rooms page - Loc - Compass Anna Maria Sound 10347"
"848","10347 Compass Anna Maria Sound - GADS - Confirmation Conversion","awct","enableNewCustomerReporting=""false""; enableConversionLinker=""true""; orderId=""{{dl. Confirmation ID - rpConfirmNo}}""; enableProductReporting=""false""; conversionValue=""{{dl.TotalCost - synxis}}""; enableEnhancedConversion=""false""; conversionCookiePrefix=""_gcl""; enableShippingData=""false""; conversionId=""480668213""; conversionLabel=""XUGkCImLgOkBELXUmeUB""; rdp=""false""","292","ce - RoomPurchase on synxis - Loc - Anna Maria Sound 10347"
"850","10347 Compass Anna Maria Sound - GADS - Booking Entry Conversion","awct","enableNewCustomerReporting=""false""; enableConversionLinker=""true""; enableProductReporting=""false""; enableEnhancedConversion=""false""; conversionCookiePrefix=""_gcl""; enableShippingData=""false""; conversionId=""480668213""; conversionLabel=""FUjJCK7DoOkBELXUmeUB""; rdp=""false""","849","ce - impressionLoad + true flag on rooms page - Loc - Compass Anna Maria Sound 10347"
"851","31083 Jacksonville GADs - BE Entry","awct","enableNewCustomerReporting=""false""; enableConversionLinker=""true""; enableProductReporting=""false""; enableEnhancedConversion=""false""; conversionCookiePrefix=""_gcl""; enableShippingData=""false""; conversionId=""10838592340""; conversionLabel=""PQesCPGw1s4DENSWn7Ao""; rdp=""false""","852","ce - impressionLoad + true flag on rooms page - Loc - Margaritaville Hotel Jacksonville Beach 31083"
"853","31083 Jacksonville GADs - Remarketing","sp","enableConversionLinker=""true""; enableDynamicRemarketing=""false""; conversionCookiePrefix=""_gcl""; conversionId=""10838592340""; customParamsFormat=""NONE""; rdp=""false""","852,811,247,230,265,283","ce - impressionLoad + true flag on rooms page - Loc - Margaritaville Hotel Jacksonville Beach 31083,Loc - Jacksonville Beach All Pages,ce - addons page on synxis - Loc - Jacksonville Beach 31083,ce - addToCart on synxis - Loc - Jacksonville Beach 31083,ce - begin_checkout on synxis - Loc - Jacksonville Beach 31083,ce - RoomPurchase on synxis - Loc - Jacksonville Beach 31083"
"859","37311 Compass Medford - Phrasing - GADS remarketing","sp","enableConversionLinker=""true""; enableDynamicRemarketing=""false""; conversionCookiePrefix=""_gcl""; conversionId=""11128872635""; customParamsFormat=""NONE""; rdp=""false""","854,855,856,857,858,861","ce - addons page on synxis - Loc - Compass Medford 37311,ce - addToCart on synxis - Loc - Compass Medford 37311,ce - begin_checkout on synxis - Loc - Compass Medford 37311,ce - RoomPurchase on synxis - Loc - Compass Medford 37311,Loc - Compass - Medford - All Vanity Pages,ce - impressionLoad + true flag on rooms page - Loc - Compass Medford 37311"
"860","37311 Compass Medford - Phrasing - GADS Purchase","awct","enableNewCustomerReporting=""false""; enableConversionLinker=""true""; orderId=""{{dl. Confirmation ID - rpConfirmNo}}""; enableProductReporting=""false""; conversionValue=""{{dl.TotalCost - synxis}}""; enableEnhancedConversion=""false""; conversionCookiePrefix=""_gcl""; enableShippingData=""false""; conversionId=""11128872635""; currencyCode=""{{dl.CurrCode - synxis}}""; conversionLabel=""4qxlCK63k94ZELu91Lop""; rdp=""false""","857","ce - RoomPurchase on synxis - Loc - Compass Medford 37311"
"862","37311 Compass Medford - Phrasing - GADS - BE Entry","awct","enableNewCustomerReporting=""false""; enableConversionLinker=""true""; enableProductReporting=""false""; enableEnhancedConversion=""false""; conversionCookiePrefix=""_gcl""; enableShippingData=""false""; conversionId=""11128872635""; conversionLabel=""8zjuCNOZit4ZELu91Lop""; rdp=""false""","861","ce - impressionLoad + true flag on rooms page - Loc - Compass Medford 37311"
"869","8445 Pigeon Forge INN - GADS remarketing","sp","enableConversionLinker=""true""; enableDynamicRemarketing=""false""; conversionCookiePrefix=""_gcl""; conversionId=""10971610133""; customParamsFormat=""NONE""; rdp=""false""","867,868,254,236,272,290","ce - impressionLoad + true flag on rooms page - Loc - Pigeon Forge INN 8445,Loc - MGV - Pigeon Forge INN - All Vanity Pages,ce - addons page on synxis - Loc - Pigeon Forge Inn 8445,ce - addToCart on synxis - Loc - Pigeon Forge Inn 8445,ce - begin_checkout on synxis - Loc - Pigeon Forge Inn 8445,ce - RoomPurchase on synxis - Loc - Pigeon Forge Inn 8445"
"870","8445 Pigeon Forge INN - GADS Confirmation Conversion","awct","enableNewCustomerReporting=""false""; enableConversionLinker=""true""; orderId=""{{dl. Confirmation ID - rpConfirmNo}}""; enableProductReporting=""false""; conversionValue=""{{dl.TotalCost - synxis}}""; enableEnhancedConversion=""false""; conversionCookiePrefix=""_gcl""; enableShippingData=""false""; conversionId=""10971610133""; currencyCode=""{{dl.CurrCode - synxis}}""; conversionLabel=""fVR-CNCioNgDEJX41e8o""; rdp=""false""","290","ce - RoomPurchase on synxis - Loc - Pigeon Forge Inn 8445"
"871","8445 Pigeon Forge INN - GADS BE Entry - rooms","awct","enableNewCustomerReporting=""false""; enableConversionLinker=""true""; enableProductReporting=""false""; enableEnhancedConversion=""false""; conversionCookiePrefix=""_gcl""; enableShippingData=""false""; conversionId=""10971610133""; conversionLabel=""bluYCPyvltkDEJX41e8o""; rdp=""false""","867","ce - impressionLoad + true flag on rooms page - Loc - Pigeon Forge INN 8445"
"872","8445 Pigeon Forge INN - Mic Ads UET - Booking Confirmation","baut","p_currency=""{{dl.CurrCode - synxis}}""; p_hct_booking_xref=""{{dl. Confirmation ID - rpConfirmNo}}""; uetqName=""uetq""; p_hct_pagetype=""purchase""; p_hct_total_price=""{{dl.TotalCost - synxis}}""; eventType=""hotel""; p_hct_checkin_date=""{{dl.ArrivalDt YYYY-MM-DD - synxis}}""; eventAction=""purchase""; p_hct_checkout_date=""{{dl.DepartDt YYYY-MM-DD - synxis}}""; p_hct_partner_hotel_id=""8445""","290","ce - RoomPurchase on synxis - Loc - Pigeon Forge Inn 8445"
"874","8446 Margaritaville Resort Gatlinburg- GADS remarketing","sp","enableConversionLinker=""true""; enableDynamicRemarketing=""false""; conversionCookiePrefix=""_gcl""; conversionId=""10971170487""; customParamsFormat=""NONE""; rdp=""false""","222,873,241,223,259,277","ce - impressionLoad + true flag on rooms page - Loc - Gatlinburg 8446,Loc - MGV - Margaritaville Resort Gatlinburg - All Vanity Pages,ce - addons page synxis - Loc - Gatlinburg 8446,ce - addToCart on synxis - Loc - Gatlinburg 8446,ce - begin_checkout on synxis - Loc - Gatlinburg 8446,ce - RoomPurchase on synxis - Loc - Gatlinburg 8446"
"875","8446 Margaritaville Resort Gatlinburg- GADS Confirmation Conversion","awct","enableNewCustomerReporting=""false""; enableConversionLinker=""true""; orderId=""{{dl. Confirmation ID - rpConfirmNo}}""; enableProductReporting=""false""; conversionValue=""{{dl.TotalCost - synxis}}""; enableEnhancedConversion=""false""; conversionCookiePrefix=""_gcl""; enableShippingData=""false""; conversionId=""10971170487""; currencyCode=""{{dl.CurrCode - synxis}}""; conversionLabel=""oTsKCN7WkNkDELeNu-8o""; rdp=""false""","277","ce - RoomPurchase on synxis - Loc - Gatlinburg 8446"
"876","8446 Margaritaville Resort Gatlinburg- GADS BE Entry - Rooms","awct","enableNewCustomerReporting=""false""; enableConversionLinker=""true""; enableProductReporting=""false""; enableEnhancedConversion=""false""; conversionCookiePrefix=""_gcl""; enableShippingData=""false""; conversionId=""10971170487""; conversionLabel=""nHgGCMrZl9kDELeNu-8o""; rdp=""false""","222","ce - impressionLoad + true flag on rooms page - Loc - Gatlinburg 8446"
"877","8446 Margaritaville Resort Gatlinburg - Mic Ads UET - Booking Confirmation","baut","p_currency=""{{dl.CurrCode - synxis}}""; p_hct_booking_xref=""{{dl. Confirmation ID - rpConfirmNo}}""; uetqName=""uetq""; p_hct_pagetype=""purchase""; p_hct_total_price=""{{dl.TotalCost - synxis}}""; eventType=""hotel""; p_hct_checkin_date=""{{dl.ArrivalDt YYYY-MM-DD - synxis}}""; eventAction=""purchase""; p_hct_checkout_date=""{{dl.DepartDt YYYY-MM-DD - synxis}}""","277","ce - RoomPurchase on synxis - Loc - Gatlinburg 8446"
"881","6548 Lake of the Ozarks - GADS remarketing","sp","enableConversionLinker=""true""; enableDynamicRemarketing=""false""; conversionCookiePrefix=""_gcl""; conversionId=""753755343""; customParamsFormat=""NONE""; rdp=""false""","268,233,250,286,882,2654","ce - begin_checkout on synxis - Loc - Ozarks 6548,ce - addToCart on synxis - Loc - Ozarks 6548,ce - addons page on synxis - Loc - Ozarks 6548,ce - RoomPurchase on synxis - Loc - Ozarks 6548,Loc - MGV - Ozarks - All Vanity Pages,ce - impressionLoad + true flag on rooms page - Loc - Ozarks 6548"
"883","6548 Lake of the Ozarks - GADS Conversion","awct","enableNewCustomerReporting=""false""; enableConversionLinker=""true""; orderId=""{{ga 4 - room purchase - confirmation number}}""; enableProductReporting=""false""; conversionValue=""{{ga 4 - room purchase - total value - rooms and addons}}""; enableEnhancedConversion=""false""; conversionCookiePrefix=""_gcl""; enableShippingData=""false""; conversionId=""753755343""; currencyCode=""{{ga 4 - room purchase - currency code}}""; conversionLabel=""I75fCL7YyZcBEM_JtecC""; rdp=""false""","286","ce - RoomPurchase on synxis - Loc - Ozarks 6548"
"884","3987 MGV Costa Rica - Playa Flamingo - GADS remarketing","sp","enableConversionLinker=""true""; enableDynamicRemarketing=""false""; conversionCookiePrefix=""_gcl""; conversionId=""995707917""; customParamsFormat=""NONE""; rdp=""false""","885,886,887,888,889","ce - addons page on synxis - Loc - Costa Rica Flamingo 3987,ce - addToCart on synxis - Loc - Costa Rica Flamingo 3987,ce - begin_checkout on synxis - Loc - Costa Rica Flamingo 3987,ce - RoomPurchase on synxis - Loc - Costa Rica Flamingo 3987,Loc - MGV - Costa Rica Flamingo - All Vanity Pages"
"890","3987 MGV Costa Rica - Playa Flamingo - GADS Conversion","awct","enableNewCustomerReporting=""false""; enableConversionLinker=""true""; orderId=""{{ga 4 - room purchase - confirmation number}}""; enableProductReporting=""false""; conversionValue=""{{ga 4 - room purchase - total value - rooms and addons}}""; enableEnhancedConversion=""false""; conversionCookiePrefix=""_gcl""; enableShippingData=""false""; conversionId=""995707917""; currencyCode=""{{ga 4 - room purchase - currency code}}""; conversionLabel=""qQYpCK_ns38QjZjl2gM""; rdp=""false""","888","ce - RoomPurchase on synxis - Loc - Costa Rica Flamingo 3987"
"896","8446 Margaritaville Resort Gatlinburg - Mic Ads UET - Page Tag","baut","c_navTimingApi=""false""; tagId=""150000816""; c_storeConvTrackCookies=""true""; uetqName=""uetq""; c_disableAutoPageView=""false""; c_removeQueryFromUrls=""false""; eventType=""PAGE_LOAD""","873,241,223,259,277,222","Loc - MGV - Margaritaville Resort Gatlinburg - All Vanity Pages,ce - addons page synxis - Loc - Gatlinburg 8446,ce - addToCart on synxis - Loc - Gatlinburg 8446,ce - begin_checkout on synxis - Loc - Gatlinburg 8446,ce - RoomPurchase on synxis - Loc - Gatlinburg 8446,ce - impressionLoad + true flag on rooms page - Loc - Gatlinburg 8446"
"897","8445 Pigeon Forge INN - Mic Ads UET - Page Tag","baut","c_navTimingApi=""false""; tagId=""150000811""; c_storeConvTrackCookies=""true""; uetqName=""uetq""; c_disableAutoPageView=""false""; c_removeQueryFromUrls=""false""; eventType=""PAGE_LOAD""","290,867,254,236,272,868","ce - RoomPurchase on synxis - Loc - Pigeon Forge Inn 8445,ce - impressionLoad + true flag on rooms page - Loc - Pigeon Forge INN 8445,ce - addons page on synxis - Loc - Pigeon Forge Inn 8445,ce - addToCart on synxis - Loc - Pigeon Forge Inn 8445,ce - begin_checkout on synxis - Loc - Pigeon Forge Inn 8445,Loc - MGV - Pigeon Forge INN - All Vanity Pages"
"899","8446 Margaritaville Resort Gatlinburg - Mic Ads UET - Begin Checkout","baut","p_currency=""{{dl.CurrCode - synxis}}""; p_hct_booking_xref=""{{dl. Confirmation ID - rpConfirmNo}}""; uetqName=""uetq""; p_hct_pagetype=""purchase""; p_hct_total_price=""{{dl.TotalCost - synxis}}""; eventType=""hotel""; p_hct_checkin_date=""{{dl.ArrivalDt YYYY-MM-DD - synxis}}""; eventAction=""begin_checkout""; p_hct_checkout_date=""{{dl.DepartDt YYYY-MM-DD - synxis}}""","222","ce - impressionLoad + true flag on rooms page - Loc - Gatlinburg 8446"
"900","8445 Pigeon Forge INN - Mic Ads UET - Begin Checkout","baut","p_currency=""{{dl.CurrCode - synxis}}""; p_hct_booking_xref=""{{dl. Confirmation ID - rpConfirmNo}}""; uetqName=""uetq""; p_hct_pagetype=""conversionintent""; p_hct_total_price=""{{dl.TotalCost - synxis}}""; eventType=""hotel""; p_hct_checkin_date=""{{dl.ArrivalDt YYYY-MM-DD - synxis}}""; eventAction=""begin_checkout""; p_hct_checkout_date=""{{dl.DepartDt YYYY-MM-DD - synxis}}""; p_hct_partner_hotel_id=""8445""","867","ce - impressionLoad + true flag on rooms page - Loc - Pigeon Forge INN 8445"
"1264","Nashville- Google Ads Conversion Tag","awct","enableNewCustomerReporting=""false""; enableConversionLinker=""true""; orderId=""{{ConfirmNo}}""; enableProductReporting=""false""; conversionValue=""{{TotalCost}}""; conversionCookiePrefix=""_gcl""; enableShippingData=""false""; conversionId=""613344337""; currencyCode=""{{CurrCode}}""; conversionLabel=""Lol9CJ6hutcBENHIu6QC""; rdp=""false""","1016","Nashville 8999 - roomPurchase Event Confirmation"
"1312","Palm Springs- GADs Remarketing Pixel - 11435192732","sp","enableConversionLinker=""true""; enableDynamicRemarketing=""false""; conversionCookiePrefix=""_gcl""; conversionId=""11435192732""; customParamsFormat=""NONE""; rdp=""false""","1244,2436,2433,2434,2435,2437","All pages_ Margaritaville Palm Springs,ce - impressionLoad + true flag on rooms page - Loc - Palm Springs - 31766,ce - addons page on synxis - Loc - Palm Springs - 31766,ce - addToCart on synxis - Loc - Palm Springs - 31766,ce - begin_checkout on synxis - Loc - Palm Springs - 31766,ce - RoomPurchase on synxis - Loc - Palm Springs - 31766"
"1531","40289 MGV South Padre - GADS - Confirmation Conversion","awct","enableNewCustomerReporting=""false""; enableConversionLinker=""true""; orderId=""{{ga 4 - room purchase - confirmation number}}""; enableProductReporting=""false""; conversionValue=""{{ga 4 - room purchase - total value - rooms and addons}}""; enableEnhancedConversion=""false""; conversionCookiePrefix=""_gcl""; enableShippingData=""false""; conversionId=""11079673065""; currencyCode=""{{ga 4 - room purchase - currency code}}""; conversionLabel=""lVrBCL7B9t8ZEOnJmaMp""; rdp=""false""","1530","ce - RoomPurchase on synxis - Loc - MGV South Padre"
"1532","40289 MGV South Padre - Mic Ads UET - Booking Confirmation","baut","goalValue=""{{ga 4 - room purchase - total value - rooms and addons}}""; p_currency=""{{ga 4 - room purchase - currency code}}""; eventCategory=""bookings""; uetqName=""uetq""; customEventAction=""bookings""; eventType=""CUSTOM""","1530","ce - RoomPurchase on synxis - Loc - MGV South Padre"
"1537","40289 MGV South Padre - Mic Ads UET - Page Tag","baut","c_navTimingApi=""false""; tagId=""175022785""; c_consentInheritGtm=""false""; c_storeConvTrackCookies=""true""; uetqName=""uetq""; c_removeQueryFromUrls=""false""; c_disableAutoPageView=""false""; c_enhancedConversion=""false""; c_consentUpdates=""true""; eventType=""PAGE_LOAD""; c_enableAutoSpaTracking=""true""","1528,1536,1533,1534,1535,1530","ce - impressionLoad + true flag on rooms page - Loc - MGV South Padre - 40289,Loc - MGV - Margaritaville South Padre - All Vanity Pages,ce - addons page synxis - Loc - South Padre 40289,ce - addToCart on synxis - Loc - South Padre 40289,ce - begin_checkout on synxis - Loc - South Padre 40289,ce - RoomPurchase on synxis - Loc - MGV South Padre"
"1538","8444 Margaritaville Pigeon Forge - Google Ads - roomPurchase","awct","enableNewCustomerReporting=""false""; enableConversionLinker=""true""; orderId=""{{dl. Confirmation ID - rpConfirmNo}}""; enableProductReporting=""false""; conversionValue=""{{dl.TotalCost - synxis}}""; enableEnhancedConversion=""false""; conversionCookiePrefix=""_gcl""; enableShippingData=""false""; conversionId=""11089464074""; currencyCode=""USD""; conversionLabel=""HTK_CMequI0YEIqW76cp""; rdp=""false""","980","cen -Margaritaville Pigeon Forge- room purchase"
"1540","8444 Margaritaville Pigeon Forge - Google Ads - Booking Entrance Confirmation","awct","enableNewCustomerReporting=""false""; enableConversionLinker=""true""; enableProductReporting=""false""; enableEnhancedConversion=""false""; conversionCookiePrefix=""_gcl""; enableShippingData=""false""; conversionId=""11089464074""; conversionLabel=""dYyWCMqquI0YEIqW76cp""; rdp=""false""","1539","ce - impressionLoad + true flag on rooms page - Loc - Pigeon Forge HOTEL 8444"
"1541","39584 PCB Cottages - Google Ads - remarketing","sp","enableConversionLinker=""true""; enableDynamicRemarketing=""false""; conversionCookiePrefix=""_gcl""; conversionId=""11034337517""; customParamsFormat=""NONE""; rdp=""false""","1547,1549,1544,1545,1546,1548","ce - impressionLoad + true flag on rooms page - Loc - PCB Cottages 39584,PCB Cottages 39584 - All Pages,ce - addons page on synxis - Loc - PCB Cottages - 39584,ce - addToCart on synxis - Loc - PCB Cottages 39584,ce - begin_checkout on synxis - Loc - PCB Cottages 39584,ce - RoomPurchase on synxis - Loc - PCB Cottages 39584"
"1542","8444 Pigeon Forge HOTEL - Mic Ads UET - Booking Confirmation","baut","p_currency=""{{dl.CurrCode - synxis}}""; p_hct_booking_xref=""{{dl. Confirmation ID - rpConfirmNo}}""; uetqName=""uetq""; p_hct_pagetype=""purchase""; p_hct_total_price=""{{dl.TotalCost - synxis}}""; eventType=""hotel""; p_hct_checkin_date=""{{dl.ArrivalDt YYYY-MM-DD - synxis}}""; eventAction=""purchase""; p_hct_checkout_date=""{{dl.DepartDt YYYY-MM-DD - synxis}}""; p_hct_partner_hotel_id=""8444""","289","ce - RoomPurchase on synxis - Loc - Pigeon Forge Hotel 8444"
"1543","8444 Pigeon Forge HOTEL - Mic Ads UET - remarketing","baut","c_navTimingApi=""false""; tagId=""151002502""; c_storeConvTrackCookies=""true""; uetqName=""uetq""; c_removeQueryFromUrls=""false""; c_disableAutoPageView=""false""; eventType=""PAGE_LOAD""","289,1539,253,235,271,1162","ce - RoomPurchase on synxis - Loc - Pigeon Forge Hotel 8444,ce - impressionLoad + true flag on rooms page - Loc - Pigeon Forge HOTEL 8444,ce - addons page on synxis - Loc - Pigeon Forge Hotel 8444,ce - addToCart on synxis - Loc - Pigeon Forge Hotel 8444,ce - begin_checkout on synxis - Loc - Pigeon Forge Hotel 8444,Island Hotel Pigeon Forge - All Pages"
"1550","39584 PCB Cottages - Mic Ads UET - remarketing","baut","c_navTimingApi=""false""; tagId=""151002144""; c_storeConvTrackCookies=""true""; uetqName=""uetq""; c_disableAutoPageView=""false""; c_removeQueryFromUrls=""false""; eventType=""PAGE_LOAD""","1547,1549,1544,1545,1546,1548","ce - impressionLoad + true flag on rooms page - Loc - PCB Cottages 39584,PCB Cottages 39584 - All Pages,ce - addons page on synxis - Loc - PCB Cottages - 39584,ce - addToCart on synxis - Loc - PCB Cottages 39584,ce - begin_checkout on synxis - Loc - PCB Cottages 39584,ce - RoomPurchase on synxis - Loc - PCB Cottages 39584"
"1551","39584 PCB Cottages - Google Ads - Purchase Conversion","awct","enableNewCustomerReporting=""false""; enableConversionLinker=""true""; orderId=""{{dl. Confirmation ID - rpConfirmNo}}""; enableProductReporting=""false""; conversionValue=""{{dl.TotalCost - synxis}}""; enableEnhancedConversion=""false""; conversionCookiePrefix=""_gcl""; enableShippingData=""false""; conversionId=""11034337517""; currencyCode=""USD""; conversionLabel=""PH63CNLQ3IMYEO3Byo0p""; rdp=""false""","1548","ce - RoomPurchase on synxis - Loc - PCB Cottages 39584"
"1552","39584 PCB Cottages - Google Ads - Booking Entrance Conversion","awct","enableNewCustomerReporting=""false""; enableConversionLinker=""true""; enableProductReporting=""false""; enableEnhancedConversion=""false""; conversionCookiePrefix=""_gcl""; enableShippingData=""false""; conversionId=""11034337517""; conversionLabel=""fdO3CNXQ3IMYEO3Byo0p""; rdp=""false""","1547","ce - impressionLoad + true flag on rooms page - Loc - PCB Cottages 39584"
"1555","40289 MGV South Padre - GADS - Remarketing","sp","enableConversionLinker=""true""; enableDynamicRemarketing=""false""; conversionCookiePrefix=""_gcl""; conversionId=""11079673065""; customParamsFormat=""NONE""; rdp=""false""","1528,1536,1533,1534,1535,1530","ce - impressionLoad + true flag on rooms page - Loc - MGV South Padre - 40289,Loc - MGV - Margaritaville South Padre - All Vanity Pages,ce - addons page synxis - Loc - South Padre 40289,ce - addToCart on synxis - Loc - South Padre 40289,ce - begin_checkout on synxis - Loc - South Padre 40289,ce - RoomPurchase on synxis - Loc - MGV South Padre"
"1575","NYTS Google Ads - Remarketing 11112664383","sp","enableConversionLinker=""true""; enableDynamicRemarketing=""false""; conversionCookiePrefix=""_gcl""; conversionId=""11112664383""; customParamsFormat=""NONE""; rdp=""false""","184,183","DR - pageview - synxis NYTS Only,DR - pv - margaritavilleresorts.com/margaritaville-resort-times-square page"
"1576","NYTS Google Ads - Reservation Confirmation 11112664383","awct","enableNewCustomerReporting=""false""; enableConversionLinker=""true""; orderId=""{{ga 4 - room purchase - confirmation number}}""; enableProductReporting=""false""; conversionValue=""{{ga 4 - room purchase - total value - rooms and addons}}""; enableEnhancedConversion=""false""; conversionCookiePrefix=""_gcl""; enableShippingData=""false""; conversionId=""11112664383""; currencyCode=""USD""; conversionLabel=""z94SCOL5gJEYEL-a97Ip""; rdp=""false""","176","ce - RoomPurchase - synxis - NYTS only New York Time Square 34443"
"1578","NYTS Google Ads - Booking Entry 11112664383","awct","enableNewCustomerReporting=""false""; enableConversionLinker=""true""; enableProductReporting=""false""; enableEnhancedConversion=""false""; conversionCookiePrefix=""_gcl""; enableShippingData=""false""; conversionId=""11112664383""; conversionLabel=""qOZ5CIj_gJEYEL-a97Ip""; rdp=""false""","1577","ce - impressionLoad + true flag on rooms page - Loc - New York Time Square NYTS 34443"
"1591","35469 Camp RV Pigeon Forge - GADS - Remarketing","sp","enableConversionLinker=""true""; enableDynamicRemarketing=""false""; conversionCookiePrefix=""_gcl""; conversionId=""11089365696""; customParamsFormat=""NONE""; rdp=""false""","1588,1585,1586,1587,1590,1589","ce - impressionLoad + true flag on rooms page - Loc - Camp RV Pigeon Forge 35469,ce - addons page synxis - Loc - Camp RV Pigeon Forge 35469,ce - addToCart on synxis - Loc - Camp RV Pigeon Forge 35469,ce - begin_checkout on synxis - Loc - Camp RV Pigeon Forge 35469,Loc - MGV - Camp RV Pigeon Forge 35469 - All Vanity Pages,ce - RoomPurchase on synxis - Loc - Camp RV Pigeon Forge 35469"
"1592","35469 Camp RV Pigeon Forge - GADS - Booking Confirmation Conversion","awct","enableNewCustomerReporting=""false""; enableConversionLinker=""true""; orderId=""{{dl. Confirmation ID - rpConfirmNo}}""; enableProductReporting=""false""; conversionValue=""{{dl.TotalCost - synxis}}""; enableEnhancedConversion=""false""; conversionCookiePrefix=""_gcl""; enableShippingData=""false""; conversionId=""11089365696""; currencyCode=""{{dl.CurrCode - synxis}}""; conversionLabel=""URC_CIuMiZMYEMCV6acp""; rdp=""false""","1589","ce - RoomPurchase on synxis - Loc - Camp RV Pigeon Forge 35469"
"1593","35469 Camp RV Pigeon Forge - GADS - Booking Entry","awct","enableNewCustomerReporting=""false""; enableConversionLinker=""true""; enableProductReporting=""false""; enableEnhancedConversion=""false""; conversionCookiePrefix=""_gcl""; enableShippingData=""false""; conversionId=""11089365696""; conversionLabel=""FyzsCI6MiZMYEMCV6acp""; rdp=""false""","1588","ce - impressionLoad + true flag on rooms page - Loc - Camp RV Pigeon Forge 35469"
"1594","Camp RV Lanier Islands MGV - GADS 11124276330 - Remarketing Vanity Only","sp","enableConversionLinker=""true""; enableDynamicRemarketing=""false""; conversionCookiePrefix=""_gcl""; conversionId=""11124276330""; customParamsFormat=""NONE""; rdp=""false""","1734","Loc - MGV - Camp Lanier Islands- All Vanity Pages"
"1621","Breaux Bridge RV - Google Ads Remarketing","sp","enableConversionLinker=""true""; enableDynamicRemarketing=""false""; conversionCookiePrefix=""_gcl""; conversionId=""354877762""; customParamsFormat=""NONE""; rdp=""false""","1632","Breaux Bridge RV - All Pages"
"1631","Breaux Bridge RV - Google Ads Calls from Website Conversion","awcc","phoneConversionNumber=""337-667-7772""; conversionId=""354877762""; conversionLabel=""rHKhCO3hvb0CEMKCnKkB""","1632","Breaux Bridge RV - All Pages"
"1695","40385 San Diego Gas Lamp - Google Ads - Remarketing","sp","enableConversionLinker=""true""; enableDynamicRemarketing=""false""; conversionCookiePrefix=""_gcl""; conversionId=""407719552""; customParamsFormat=""NONE""; rdp=""false""","1688,1694,1693,1691,1690,1689","ce - impressionLoad + true flag on rooms page - Loc - San Diego Gas Lamp - 40385,San Diego Gas Lamp -40385 - margaritaville-hotel-san-diego Pages,ce - addons page on synxis - Loc - San Diego Gas Lamp - 40385,ce - addToCart on synxis - Loc - San Diego Gas Lamp - 40385,ce - begin_checkout on synxis - Loc - San Diego Gas Lamp - 40385,ce - RoomPurchase on synxis - Loc - San Diego Gas Lamp - 40385"
"1696","40385 San Diego Gas Lamp - Google Ads - Booking Conversion","awct","enableNewCustomerReporting=""false""; enableConversionLinker=""true""; orderId=""{{ga 4 - room purchase - confirmation number}}""; enableProductReporting=""false""; conversionValue=""{{ga 4 - room purchase - total value - rooms and addons}}""; enableEnhancedConversion=""false""; conversionCookiePrefix=""_gcl""; enableShippingData=""false""; conversionId=""407719552""; currencyCode=""{{ga 4 - room purchase - currency code}}""; conversionLabel=""2JTDCI2qjMQCEICdtcIB""; rdp=""false""","1689","ce - RoomPurchase on synxis - Loc - San Diego Gas Lamp - 40385"
"1697","40385 San Diego Gas Lamp - Google Ads - Booking Entry","awct","enableNewCustomerReporting=""false""; enableConversionLinker=""true""; enableProductReporting=""false""; enableEnhancedConversion=""false""; conversionCookiePrefix=""_gcl""; enableShippingData=""false""; conversionId=""407719552""; conversionLabel=""qnU6CNnQ7JgYEICdtcIB""; rdp=""false""","1688","ce - impressionLoad + true flag on rooms page - Loc - San Diego Gas Lamp - 40385"
"1698","9804 - MGV Orlando Resort - Google Ads - Remarketing","sp","enableConversionLinker=""true""; enableDynamicRemarketing=""false""; conversionCookiePrefix=""_gcl""; conversionId=""688326390""; customParamsFormat=""NONE""; rdp=""false""","864,895,281,263,228,245","Loc - Orlando 9801|40862|41407 & 9804 - All Pages,ce - rooms page on synxis - Loc - Orlando 9804,ce - RoomPurchase on synxis - Loc - Orlando 9804,ce - begin_checkout on synxis - Loc - Orlando 9804,ce - addToCart on synxis - Loc - Orlando 9804,ce - addons page on synxis - Loc - Orlando 9804"
"1699","9804 - MGV Orlando Resort - Google Ads - Conversion","awct","enableNewCustomerReporting=""false""; enableConversionLinker=""true""; orderId=""{{ga 4 - room purchase - confirmation number}}""; enableProductReporting=""false""; conversionValue=""{{ga 4 - room purchase - total value - rooms and addons}}""; enableEnhancedConversion=""false""; conversionCookiePrefix=""_gcl""; enableShippingData=""false""; conversionId=""688326390""; currencyCode=""{{ga 4 - CurrCode}}""; conversionLabel=""pAePCPLA4dUBEPaNnMgC""; rdp=""false""","281","ce - RoomPurchase on synxis - Loc - Orlando 9804"
"1700","35565 - MGV Key West Beach House - Google Ads - Remarketing","sp","enableConversionLinker=""true""; enableDynamicRemarketing=""false""; conversionCookiePrefix=""_gcl""; conversionId=""395757458""; customParamsFormat=""NONE""; rdp=""false""","197,1681,258,239,276,294","35565 - Key West Beach House - All Pages,ce - impressionLoad + true flag on rooms page - Loc - Key West 35565,ce - addons page on synxis - Loc - Key West 35565,ce - addToCart on synxis - Loc - Key West 35565,ce - begin_checkout on synxis - Loc - Key West 35565,ce - RoomPurchase on synxis - Loc - Key West 35565"
"1701","35565 - MGV Key West Beach House - Google Ads - Conversion","awct","enableNewCustomerReporting=""false""; enableConversionLinker=""true""; orderId=""{{ga 4 - room purchase - confirmation number}}""; enableProductReporting=""false""; conversionValue=""{{ga 4 - room purchase - total value - rooms and addons}}""; enableEnhancedConversion=""false""; conversionCookiePrefix=""_gcl""; enableShippingData=""false""; conversionId=""395757458""; currencyCode=""{{ga 4 - CurrCode}}""; conversionLabel=""AgRwCKqen6QYEJKP27wB""; rdp=""false""","294","ce - RoomPurchase on synxis - Loc - Key West 35565"
"1702","35565 - MGV Key West Beach House - Google Ads - Rooms Conversion","awct","enableNewCustomerReporting=""false""; enableConversionLinker=""true""; enableProductReporting=""false""; enableEnhancedConversion=""false""; conversionCookiePrefix=""_gcl""; enableShippingData=""false""; conversionId=""395757458""; conversionLabel=""Pe_sCJKnn6QYEJKP27wB""; rdp=""false""","1681","ce - impressionLoad + true flag on rooms page - Loc - Key West 35565"
"1703","Nashville- Google Ads Conversion Tag 11171517710","awct","enableNewCustomerReporting=""false""; enableConversionLinker=""true""; orderId=""{{ga 4 - room purchase - confirmation number}}""; enableProductReporting=""false""; conversionValue=""{{ga 4 - room purchase - total value - rooms and addons}}""; enableEnhancedConversion=""false""; conversionCookiePrefix=""_gcl""; enableShippingData=""false""; conversionId=""11171517710""; currencyCode=""{{CurrCode}}""; conversionLabel=""HY8KCOiZkqMYEI6q_84p""; rdp=""false""","1016","Nashville 8999 - roomPurchase Event Confirmation"
"1706","Nashville- Google Ads Booking Entry Tag 11171517710","awct","enableNewCustomerReporting=""false""; enableConversionLinker=""true""; enableProductReporting=""false""; enableEnhancedConversion=""false""; conversionCookiePrefix=""_gcl""; enableShippingData=""false""; conversionId=""11171517710""; conversionLabel=""gWfiCMTewqgYEI6q_84p""; rdp=""false""","1705","ce - impressionLoad + true flag on rooms page - Loc - Nashville 8999"
"1712","Camp RV Lanier Islands MGV - GADS 11124293907 - Remarketing Vanity Only","sp","enableConversionLinker=""true""; enableDynamicRemarketing=""false""; conversionCookiePrefix=""_gcl""; conversionId=""11124293907""; customParamsFormat=""NONE""; rdp=""false""","1734","Loc - MGV - Camp Lanier Islands- All Vanity Pages"
"1713","Breaux Bridge RV - Google Ads Conversion - Transaction Tag","awct","enableNewCustomerReporting=""false""; enableConversionLinker=""true""; orderId=""{{campspot - transactionId}}""; enableProductReporting=""false""; conversionValue=""{{campspot - transactionTotal}}""; enableEnhancedConversion=""false""; conversionCookiePrefix=""_gcl""; enableShippingData=""false""; conversionId=""354877762""; currencyCode=""USD""; conversionLabel=""dt5wCJ_K3aoYEMKCnKkB""; rdp=""false""","1619","breaux Campspot - Conversion"
"1728","9801|40862|41407 - MGV Orlando Cottages - Google Ads - Remarketing","sp","enableConversionLinker=""true""; enableDynamicRemarketing=""false""; conversionCookiePrefix=""_gcl""; conversionId=""685843066""; customParamsFormat=""NONE""; rdp=""false""","257,891,275,293,894,864","ce - addons page on synxis - Loc - Orlando Cottages 9801|40862|41407,ce - addToCart on synxis - Loc - Orlando Cottages 9801|40862|41407,ce - begin_checkout on synxis - Loc - Orlando Cottages 9801|40862|41407,ce - RoomPurchase on synxis - Loc - Orlando Cottages 9801|40862|41407,ce - rooms page on synxis - Loc - Orlando Cottages 9801|40862|41407,Loc - Orlando 9801|40862|41407 & 9804 - All Pages"
"1729","9801|40862|41407 - MGV Orlando Cottages - Google Ads - Purchase Conversion","awct","enableNewCustomerReporting=""false""; enableConversionLinker=""true""; orderId=""{{ga 4 - room purchase - confirmation number}}""; enableProductReporting=""false""; conversionValue=""{{ga 4 - room purchase - total value - rooms and addons}}""; enableEnhancedConversion=""false""; conversionCookiePrefix=""_gcl""; enableShippingData=""false""; conversionId=""685843066""; currencyCode=""{{ga 4 - room purchase - currency code}}""; conversionLabel=""961eCNmDw7YYEPrEhMcC""; rdp=""false""","293","ce - RoomPurchase on synxis - Loc - Orlando Cottages 9801|40862|41407"
"1730","9801|40862|41407 - MGV Orlando Cottages - Google Ads - Booking Entrance","awct","enableNewCustomerReporting=""false""; enableConversionLinker=""true""; enableProductReporting=""false""; enableEnhancedConversion=""false""; conversionCookiePrefix=""_gcl""; enableShippingData=""false""; conversionId=""685843066""; conversionLabel=""gxtFCNyDw7YYEPrEhMcCv""; rdp=""false""","894","ce - rooms page on synxis - Loc - Orlando Cottages 9801|40862|41407"
"1795","9804 - MGV Orlando Resort - Google Ads - Add To Cart Conversion","awct","enableNewCustomerReporting=""false""; enableConversionLinker=""true""; enableProductReporting=""false""; enableEnhancedConversion=""false""; conversionCookiePrefix=""_gcl""; enableShippingData=""false""; conversionId=""688326390""; conversionLabel=""Xo91CITRyssYEPaNnMgC""; rdp=""false""","228","ce - addToCart on synxis - Loc - Orlando 9804"
"1796","9804 - MGV Orlando Resort - Google Ads - Booking Entry","awct","enableNewCustomerReporting=""false""; enableConversionLinker=""true""; enableProductReporting=""false""; enableEnhancedConversion=""false""; conversionCookiePrefix=""_gcl""; enableShippingData=""false""; conversionId=""688326390""; conversionLabel=""gxtFCNyDw7YYEPrEhMcC""; rdp=""false""","895","ce - rooms page on synxis - Loc - Orlando 9804"
"1856","8074 - Hollywood Gads - Awestruck - Conversion Pixel","awct","enableNewCustomerReporting=""false""; enableConversionLinker=""true""; orderId=""{{ga 4 - room purchase - confirmation number}}""; enableProductReporting=""false""; conversionValue=""{{ga 4 - room purchase - total value - rooms and addons}}""; enableEnhancedConversion=""false""; conversionCookiePrefix=""_gcl""; enableShippingData=""false""; conversionId=""16699056327""; currencyCode=""{{ga 4 - CurrCode}}""; conversionLabel=""08psCMvukdcZEMfB3Zo-""; rdp=""false""","282","ce - RoomPurchase on synxis - Loc - Hollywood Beach 8074"
"2374","42357 MGV Lake Tahoe - GADS - Remarketing","sp","enableConversionLinker=""true""; enableDynamicRemarketing=""false""; conversionCookiePrefix=""_gcl""; conversionId=""11379753644""; customParamsFormat=""NONE""; rdp=""false""","2373,2375,2376,2377,2378,2379","42357 MGV Lake Tahoe - All Pages,ce - impressionLoad + true flag on rooms page - Loc - Lake Tahoe 42357,ce - addons page on synxis - Loc - Lake Tahoe 42357,ce - addToCart on synxis - Loc - Lake Tahoe 42357,ce - begin_checkout on synxis - Loc - Lake Tahoe 42357,ce - RoomPurchase on synxis - Loc - Lake Tahoe 42357"
"2380","42357 MGV Lake Tahoe - GADS - Booking Conversion","awct","enableNewCustomerReporting=""false""; enableConversionLinker=""true""; orderId=""{{ga 4 - room purchase - confirmation number}}""; enableProductReporting=""false""; conversionValue=""{{ga 4 - room purchase - total value - rooms and addons}}""; enableEnhancedConversion=""false""; conversionCookiePrefix=""_gcl""; enableShippingData=""false""; conversionId=""11379753644""; currencyCode=""{{ga 4 - room purchase - currency code}}""; conversionLabel=""pMvkCNXch-4YEKyFpbIq""; rdp=""false""","2379","ce - RoomPurchase on synxis - Loc - Lake Tahoe 42357"
"2392","42357 MGV Lake Tahoe - GADS - Remarketing - Meta","sp","enableConversionLinker=""true""; enableDynamicRemarketing=""false""; conversionCookiePrefix=""_gcl""; conversionId=""10905424931""; customParamsFormat=""NONE""; rdp=""false""","2373,2375,2376,2377,2378,2379","42357 MGV Lake Tahoe - All Pages,ce - impressionLoad + true flag on rooms page - Loc - Lake Tahoe 42357,ce - addons page on synxis - Loc - Lake Tahoe 42357,ce - addToCart on synxis - Loc - Lake Tahoe 42357,ce - begin_checkout on synxis - Loc - Lake Tahoe 42357,ce - RoomPurchase on synxis - Loc - Lake Tahoe 42357"
"2393","42357 MGV Lake Tahoe - GADS - Booking Conversion - Meta","awct","enableNewCustomerReporting=""false""; enableConversionLinker=""true""; orderId=""{{ga 4 - room purchase - confirmation number}}""; enableProductReporting=""false""; conversionValue=""{{ga 4 - room purchase - total value - rooms and addons}}""; enableEnhancedConversion=""false""; conversionCookiePrefix=""_gcl""; enableShippingData=""false""; conversionId=""10905424931""; currencyCode=""{{ga 4 - room purchase - currency code}}""; conversionLabel=""QTUqCJ6E8b4DEKOojtAo""; rdp=""false""","2379","ce - RoomPurchase on synxis - Loc - Lake Tahoe 42357"
"2394","42357 MGV Lake Tahoe - GADS - Booking Entrance - Meta","awct","enableNewCustomerReporting=""false""; enableConversionLinker=""true""; enableProductReporting=""false""; enableEnhancedConversion=""false""; conversionCookiePrefix=""_gcl""; enableShippingData=""false""; conversionId=""10905424931""; conversionLabel=""6fSOCO-ZkPAYEKOojtAo""; rdp=""false""","2375","ce - impressionLoad + true flag on rooms page - Loc - Lake Tahoe 42357"
"2404","40334 MGV Fort Myers - Google Ads - Remarketing","sp","enableConversionLinker=""true""; enableDynamicRemarketing=""false""; conversionCookiePrefix=""_gcl""; conversionId=""11395911724""; customParamsFormat=""NONE""; rdp=""false""","2398,2399,2400,2401,2402,2403","40334 MGV Fort Myers - All Pages,ce - impressionLoad + true flag on rooms page - Loc - Fort Myers 40334,ce - addons page on synxis - Loc - Fort Myers 40334,ce - addToCart on synxis - Loc - Fort Myers 40334,ce - begin_checkout on synxis - Loc - Fort Myers 40334,ce - RoomPurchase on synxis - Loc - Fort Myers 40334"
"2405","40334 MGV Fort Myers - Google Ads - Booking Conversion","awct","enableNewCustomerReporting=""false""; enableConversionLinker=""true""; orderId=""{{ga 4 - room purchase - confirmation number}}""; enableProductReporting=""false""; conversionValue=""{{ga 4 - room purchase - total value - rooms and addons}}""; enableEnhancedConversion=""false""; conversionCookiePrefix=""_gcl""; enableShippingData=""false""; conversionId=""11395911724""; currencyCode=""{{ga 4 - room purchase - currency code}}""; conversionLabel=""F1swCPWT__YYEKyg_7kq""; rdp=""false""","2403","ce - RoomPurchase on synxis - Loc - Fort Myers 40334"
"2417","40334 MGV Fort Myers - Google Ads - Booking Entry","awct","enableNewCustomerReporting=""false""; enableConversionLinker=""true""; enableProductReporting=""false""; enableEnhancedConversion=""false""; conversionCookiePrefix=""_gcl""; enableShippingData=""false""; conversionId=""11395911724""; conversionLabel=""O6hFCKyb-_YYEKyg_7kq""; rdp=""false""","2399","ce - impressionLoad + true flag on rooms page - Loc - Fort Myers 40334"
"2424","40760 Compass Naples - GADS remarketing","sp","enableConversionLinker=""true""; enableDynamicRemarketing=""false""; conversionCookiePrefix=""_gcl""; conversionId=""11395929234""; customParamsFormat=""NONE""; rdp=""false""","2421,2423,2418,2419,2420,2422","ce - impressionLoad + true flag on rooms page - Loc - Compass Naples - 40760,Loc - Compass - Naples - All Vanity Pages,ce - addons page on synxis - Loc - Compass Naples - 40760,ce - addToCart on synxis - Loc - Compass Naples - 40760,ce - begin_checkout on synxis - Loc - Compass Naples - 40760,ce - RoomPurchase on synxis - Loc - Compass Naples - 40760"
"2425","40760 Compass Naples - GADS Booking Conversion","awct","enableNewCustomerReporting=""false""; enableConversionLinker=""true""; orderId=""{{ga 4 - room purchase - confirmation number}}""; enableProductReporting=""false""; conversionValue=""{{ga 4 - room purchase - total value - rooms and addons}}""; enableEnhancedConversion=""false""; conversionCookiePrefix=""_gcl""; enableShippingData=""false""; conversionId=""11395929234""; currencyCode=""{{ga 4 - room purchase - currency code}}""; conversionLabel=""rAxZCPSWw_oYEJKpgLoq""; rdp=""false""","2422","ce - RoomPurchase on synxis - Loc - Compass Naples - 40760"
"2426","40760 Compass Naples - GADS Booking Entry","awct","enableNewCustomerReporting=""false""; enableConversionLinker=""true""; enableProductReporting=""false""; enableEnhancedConversion=""false""; conversionCookiePrefix=""_gcl""; enableShippingData=""false""; conversionId=""11395929234""; conversionLabel=""6pHnCPeWw_oYEJKpgLoq""; rdp=""false""","2421","ce - impressionLoad + true flag on rooms page - Loc - Compass Naples - 40760"
"2432","Palm Springs- GADs booking conversion - 11435192732","awct","enableNewCustomerReporting=""false""; enableConversionLinker=""true""; orderId=""{{ga 4 - room purchase - confirmation number}}""; enableProductReporting=""false""; conversionValue=""{{ga 4 - room purchase - total value - rooms and addons}}""; enableEnhancedConversion=""false""; conversionCookiePrefix=""_gcl""; enableShippingData=""false""; conversionId=""11435192732""; currencyCode=""{{ga 4 - room purchase - currency code}}""; conversionLabel=""0SpbCO2rl_0YEJzj3Mwq""; rdp=""false""","2437","ce - RoomPurchase on synxis - Loc - Palm Springs - 31766"
"2438","Palm Springs- GADs Meetings conversion - 11435192732","awct","enableNewCustomerReporting=""false""; enableConversionLinker=""true""; enableProductReporting=""false""; enableEnhancedConversion=""false""; conversionCookiePrefix=""_gcl""; enableShippingData=""false""; conversionId=""11435192732""; conversionLabel=""bBmdCParl_0YEJzj3Mwq""; rdp=""false""","1040","cen - Margaritaville Resorts - Margaritaville Palm Springs- meeting rfp - complete"
"2453","40385 San Diego Gas Lamp - Google Ads - Remarketing 11441389025","sp","enableConversionLinker=""true""; enableDynamicRemarketing=""false""; conversionCookiePrefix=""_gcl""; conversionId=""11441389025""; customParamsFormat=""NONE""; rdp=""false""","1688,1694,1693,1691,1690,1689","ce - impressionLoad + true flag on rooms page - Loc - San Diego Gas Lamp - 40385,San Diego Gas Lamp -40385 - margaritaville-hotel-san-diego Pages,ce - addons page on synxis - Loc - San Diego Gas Lamp - 40385,ce - addToCart on synxis - Loc - San Diego Gas Lamp - 40385,ce - begin_checkout on synxis - Loc - San Diego Gas Lamp - 40385,ce - RoomPurchase on synxis - Loc - San Diego Gas Lamp - 40385"
"2454","40385 San Diego Gas Lamp - Google Ads - Booking Entry 11441389025","awct","enableNewCustomerReporting=""false""; enableConversionLinker=""true""; enableProductReporting=""false""; enableEnhancedConversion=""false""; conversionCookiePrefix=""_gcl""; enableShippingData=""false""; conversionId=""11441389025""; conversionLabel=""q0QKCN3ErP8YEOH71s8q""; rdp=""false""","1688","ce - impressionLoad + true flag on rooms page - Loc - San Diego Gas Lamp - 40385"
"2455","40385 San Diego Gas Lamp - Google Ads - Booking Conversion 11441389025","awct","enableNewCustomerReporting=""false""; enableConversionLinker=""true""; orderId=""{{ga 4 - room purchase - confirmation number}}""; enableProductReporting=""false""; conversionValue=""{{ga 4 - room purchase - total value - rooms and addons}}""; enableEnhancedConversion=""false""; conversionCookiePrefix=""_gcl""; enableShippingData=""false""; conversionId=""11441389025""; currencyCode=""{{ga 4 - room purchase - currency code}}""; conversionLabel=""o8H1COTCrP8YEOH71s8q""; rdp=""false""","1689","ce - RoomPurchase on synxis - Loc - San Diego Gas Lamp - 40385"
"2460","Palm Springs- GADs booking entry conversion - 11435192732","awct","enableNewCustomerReporting=""false""; enableConversionLinker=""true""; enableProductReporting=""false""; enableEnhancedConversion=""false""; conversionCookiePrefix=""_gcl""; enableShippingData=""false""; conversionId=""11435192732""; conversionLabel=""fo_SCPOrl_0YEJzj3Mwq""; rdp=""false""","2436","ce - impressionLoad + true flag on rooms page - Loc - Palm Springs - 31766"
"2461","40385 Gas Lamp - GADs Meetings conversion -11441389025","awct","enableNewCustomerReporting=""false""; enableConversionLinker=""true""; enableProductReporting=""false""; enableEnhancedConversion=""false""; conversionValue=""1""; conversionCookiePrefix=""_gcl""; enableShippingData=""false""; conversionId=""11441389025""; currencyCode=""USD""; conversionLabel=""PnL2CODErP8YEOH71s8q""; rdp=""false""","1857","40385 - Gas Lamp - San Diego - RFP Form Completed"
"2560","30563 - Nassau - GAds - Remarketing","sp","enableConversionLinker=""true""; enableDynamicRemarketing=""false""; conversionCookiePrefix=""_gcl""; conversionId=""16461797137""; customParamsFormat=""NONE""; rdp=""false""","313,1579,243,226,261,279","Loc - Pageviews - Nassau - 30563,ce - impressionLoad + true flag on rooms page - Loc - Nassau 30563,ce - addons page on synxis - Loc - Nassau 30563,ce - addToCart on synxis - Loc - Nassau 30563,ce - begin_checkout on synxis - Loc - Nassau 30563,ce - RoomPurchase on synxis - Loc - Nassau 30563"
"2561","31083 Jacksonville Mic Ads UET - Booking Purchase","baut","p_currency=""USD""; p_hct_base_price=""{{ga 4 - room purchase - daily rate}}""; p_hct_booking_xref=""{{ga 4 - room purchase - confirmation number}}""; uetqName=""uetq""; p_hct_pagetype=""purchase""; p_hct_total_price=""{{ga 4 - room purchase - total value - rooms and addons}}""; p_hct_length_of_stay=""{{ga 4 - room purchase - nights quantity}}""; eventType=""hotel""; p_hct_checkin_date=""{{ga 4 - room purchase - arrival date yyyy-mm-dd}}""; eventAction=""purchase""; p_hct_checkout_date=""{{ga 4 - room purchase - depart date yyyy-mm-dd}}""; p_hct_partner_hotel_id=""{{CJ.HOTEL_ID - synxis MAIN JS}}""","283","ce - RoomPurchase on synxis - Loc - Jacksonville Beach 31083"
"2563","31083 Jacksonville Mic Ads UET - Booking Entrance","baut","p_hct_booking_xref=""{{ga 4 - room purchase - confirmation number}}""; p_hct_pagetype=""conversionintent""; p_hct_total_price=""{{ga 4 - room purchase - total value - rooms and addons}}""; p_hct_length_of_stay=""{{ga 4 - room purchase - nights quantity}}""; eventType=""hotel""; eventAction=""""; p_hct_checkout_date=""{{ga 4 - room purchase - depart date yyyy-mm-dd}}""; p_currency=""USD""; p_hct_base_price=""{{ga 4 - room purchase - daily rate}}""; uetqName=""uetq""; customEventAction=""Booking Engine Entrances""; p_hct_checkin_date=""{{ga 4 - room purchase - arrival date yyyy-mm-dd}}""; p_hct_partner_hotel_id=""{{CJ.HOTEL_ID - synxis MAIN JS}}""","852","ce - impressionLoad + true flag on rooms page - Loc - Margaritaville Hotel Jacksonville Beach 31083"
"2566","30563 - Nassau - GAds - Remarketing - JWB Steak house","sp","enableConversionLinker=""true""; enableDynamicRemarketing=""false""; conversionCookiePrefix=""_gcl""; conversionId=""16510599688""; customParamsFormat=""NONE""; rdp=""false""","2565","Loc - Pageviews - Nassau - 30563 - JWB Steak House"
"2567","30563 - Nassau - GAds - Conversion Page Landing - JWB Steak house","awct","enableNewCustomerReporting=""false""; enableConversionLinker=""true""; enableProductReporting=""false""; enableEnhancedConversion=""false""; conversionCookiePrefix=""_gcl""; enableShippingData=""false""; conversionId=""16510599688""; conversionLabel=""R5qBCMyc1Z8ZEIiE78A9""; rdp=""false""","2565","Loc - Pageviews - Nassau - 30563 - JWB Steak House"
"2569","Lake Conroe - Google Ads - Awestruck - Remarketing","sp","enableConversionLinker=""true""; enableDynamicRemarketing=""false""; conversionCookiePrefix=""_gcl""; conversionId=""11492833019""; customParamsFormat=""NONE""; rdp=""false""","244,262,280,227,1655,2568","ce - addons page on synxis - Loc - Lake Conroe 10649,ce - begin_checkout on synxis - Loc - Lake Conroe 10649,ce - RoomPurchase on synxis - Loc - Lake Conroe 10649,ce - addToCart on synxis - Loc - Lake Conroe 10649,Lake Conroe - all Vanity Pages,ce - impressionLoad + true flag on rooms page - Loc - Lake Conroe 10649"
"2570","Lake Conroe - Google Ads - Awestruck - Booking Conversion","awct","enableNewCustomerReporting=""false""; enableConversionLinker=""true""; orderId=""{{ga 4 - room purchase - confirmation number}}""; enableProductReporting=""false""; conversionValue=""{{ga 4 - room purchase - total value - rooms and addons}}""; enableEnhancedConversion=""false""; conversionCookiePrefix=""_gcl""; enableShippingData=""false""; conversionId=""11492833019""; currencyCode=""{{ga 4 - room purchase - currency code}}""; conversionLabel=""1MHECLXg5fYZEPvtmugq""; rdp=""false""","280","ce - RoomPurchase on synxis - Loc - Lake Conroe 10649"
"2655","6548 Lake of the Ozarks - GADS - Booking Entry","awct","enableNewCustomerReporting=""false""; enableConversionLinker=""true""; enableProductReporting=""false""; enableEnhancedConversion=""false""; conversionCookiePrefix=""_gcl""; enableShippingData=""false""; conversionId=""10844434225""; conversionLabel=""i-zkCPS-zZMDELHeg7Mo""; rdp=""false""","2654","ce - impressionLoad + true flag on rooms page - Loc - Ozarks 6548"
"3211","Global - MS Bing Ads - Remarketing","baut","c_navTimingApi=""true""; customConfigTable=""""; tagId=""343139435""; c_consentInheritGtm=""true""; c_storeConvTrackCookies=""true""; uetqName=""phrasing""; c_removeQueryFromUrls=""false""; c_disableAutoPageView=""false""; c_enhancedConversion=""false""; c_consentUpdates=""true""; eventType=""PAGE_LOAD""; c_enableAutoSpaTracking=""true""","204,205","PVs on www.*margaritaville.*com|www.*compasshotel.com,Pageview on synxis"
"3212","Global - MS Bing Ads - Purchase","baut","p_hct_booking_xref=""{{ga 4 - room purchase - confirmation number}}""; p_hct_pagetype=""conversion""; p_hct_total_price=""{{ga 4 - room purchase - total value - rooms and addons}}""; p_hct_length_of_stay=""{{ga 4 - room purchase - nights quantity}}""; eventType=""hotel""; eventAction=""purchase""; p_hct_checkout_date=""{{ga 4 - room purchase - depart date yyyy-mm-dd}}""; p_currency=""{{ga 4 - room purchase - currency code}}""; p_hct_base_price=""{{ga 4 - room purchase - daily rate}}""; uetqName=""phrasing""; p_hct_checkin_date=""{{ga 4 - room purchase - arrival date yyyy-mm-dd}}""; customParamTable=""""; p_hct_partner_hotel_id=""{{ga 4 - propertyname - FRIENDLY - be}}""","115","ce - RoomPurchase on synxis - domain restricted"
"3213","Global - MS Bing Ads - Booking Engine Entrance - begin_checkout","baut","uetqName=""phrasing""; customEventAction=""begin_checkout""; eventType=""CUSTOM""; customParamTable=""""","91","ce - impressionLoad + true flag on rooms page"
"3214","Global - MS Bing Ads - page_view_conversion","baut","uetqName=""phrasing""; customEventAction=""page_view_conversion""; eventType=""CUSTOM""; customParamTable=""""","204,205","PVs on www.*margaritaville.*com|www.*compasshotel.com,Pageview on synxis"
"3333","40321 MGV - Beach Resort Caye Belize - GADS remarketing","sp","enableConversionLinker=""true""; enableDynamicRemarketing=""false""; conversionCookiePrefix=""_gcl""; conversionId=""16677146737""; customParamsFormat=""NONE""; rdp=""false""","3330,3332,3327,3328,3329,3331","ce - impressionLoad + true flag on rooms page - Loc - Beach Resort Caye Belize - 40321,Loc - Beach Resort Caye Belize - 40321 - All Vanity Pages,ce - addons page on synxis - Loc - Beach Resort Caye Belize - 40321,ce - addToCart on synxis - Loc - Beach Resort Caye Belize - 40321,ce - begin_checkout on synxis - Loc - Beach Resort Caye Belize - 40321,ce - RoomPurchase on synxis - Loc - Beach Resort Caye Belize - 40321"
"3336","8074 - Hollywood Gads - Awestruck - GHA Conversion Pixel","html","html=""<!-- Event Tag - GHA -->\n<script>\ngtag('event', 'purchase', {\n'send_to': [\n'AW-730790535/tF4YCKXDt6YBEIf1u9wC',\n'HA-792607368' \n],\n'transaction_id': {{ConfirmNo}},\n'value': {{TotalCostWithTax}},\n'currency': {{CurrCode}},\n'items': [{\n'id': '205179',\n'start_date': {{ArrivalDt}},\n'end_date': {{DepartDt}}\n}]\n});\n</script>""; supportDocumentWrite=""false""","282","ce - RoomPurchase on synxis - Loc - Hollywood Beach 8074"
"3337","8074 - Hollywood Gads - Awestruck - GHA Remarketing Pixel","html","html=""<script async src=\""https://www.googletagmanager.com/gtag/js?id=AW-730790535\""></script>\n<script>\nwindow.dataLayer = window.dataLayer || [];\nfunction gtag(){dataLayer.push(arguments);}\ngtag('set', 'linker', {'domains': ['margaritavillehollywoodbeachresort.com', 'be.synxis.com', 'reservations.margaritavillehollywoodbeachresort.com'], 'decorate_forms': true, 'accept_incoming': true});\ngtag('js', new Date());\ngtag('config', 'AW-730790535');\ngtag('config', 'HA-792607368');\n\n</script>""; supportDocumentWrite=""false""","2263","8074 holllywood verb - All SBE Steps"
"3678","8074 - Hollywood - GA4 - File Downloads","gaawe","sendEcommerceData=""false""; eventSettingsTable=""""; enhancedUserId=""false""; eventName=""file_downloads""; measurementIdOverride=""{{8074 - Hollywood - GA4 Property - 373388964}}""","3674","8074 - Hollywood - Link Click - File Extension Is PDF, XLS, DOC, or TXT"
"3687","8074 - Hollywood Gads - Awestruck - Remarketing","sp","enableConversionLinker=""true""; enableDynamicRemarketing=""false""; conversionCookiePrefix=""_gcl""; conversionId=""16699056327""; customParamsFormat=""NONE""; rdp=""false""","282,1560,1603,264,229,246","ce - RoomPurchase on synxis - Loc - Hollywood Beach 8074,ce - impressionLoad + true flag on rooms page - Loc - Hollywood 8074,Hollywood 8074 - All Pages,ce - begin_checkout on synxis - Loc - Hollywood Beach 8074,ce - addToCart on synxis - Loc - Hollywood Beach 8074,ce - addons page on synxis - Loc - Hollywood Beach 8074"
"3688","37311 Compass Medford - Phrasing - Mic Ads UET - Booking Entrance","baut","uetqName=""uetq""; customEventAction=""be_entry""; eventType=""CUSTOM""","861","ce - impressionLoad + true flag on rooms page - Loc - Compass Medford 37311"
"3689","37311 Compass Medford - Phrasing - Mic Ads UET - Booking Purchase","baut","p_currency=""USD""; p_hct_base_price=""{{ga 4 - room purchase - daily rate}}""; p_hct_booking_xref=""{{ga 4 - room purchase - confirmation number}}""; uetqName=""uetq""; p_hct_pagetype=""purchase""; p_hct_total_price=""{{ga 4 - room purchase - total value - rooms and addons}}""; p_hct_length_of_stay=""{{ga 4 - room purchase - nights quantity}}""; eventType=""hotel""; p_hct_checkin_date=""{{ga 4 - room purchase - arrival date yyyy-mm-dd}}""; eventAction=""purchase""; p_hct_checkout_date=""{{ga 4 - room purchase - depart date yyyy-mm-dd}}""; p_hct_partner_hotel_id=""{{CJ.HOTEL_ID - synxis MAIN JS}}""","857","ce - RoomPurchase on synxis - Loc - Compass Medford 37311"
"3690","37311 Compass Medford - Phrasing - Mic Ads UET - Page tag","baut","c_navTimingApi=""false""; tagId=""97150165""; c_consentInheritGtm=""false""; c_storeConvTrackCookies=""true""; uetqName=""uetq""; c_removeQueryFromUrls=""false""; c_disableAutoPageView=""false""; c_enhancedConversion=""false""; c_consentUpdates=""true""; eventType=""PAGE_LOAD""; c_enableAutoSpaTracking=""false""","861,854,855,856,857,858","ce - impressionLoad + true flag on rooms page - Loc - Compass Medford 37311,ce - addons page on synxis - Loc - Compass Medford 37311,ce - addToCart on synxis - Loc - Compass Medford 37311,ce - begin_checkout on synxis - Loc - Compass Medford 37311,ce - RoomPurchase on synxis - Loc - Compass Medford 37311,Loc - Compass - Medford - All Vanity Pages"
"3691","40321 MGV - Beach Resort Caye Belize - Phrasing - Mic Ads UET - Booking Entrance","baut","p_hct_booking_xref=""{{ga 4 - room purchase - confirmation number}}""; p_hct_pagetype=""conversionintent""; p_hct_total_price=""{{ga 4 - room purchase - total value - rooms and addons}}""; p_hct_length_of_stay=""{{ga 4 - room purchase - nights quantity}}""; eventType=""hotel""; eventAction=""""; p_hct_checkout_date=""{{ga 4 - room purchase - depart date yyyy-mm-dd}}""; p_currency=""USD""; p_hct_base_price=""{{ga 4 - room purchase - daily rate}}""; uetqName=""uetq""; customEventAction=""be_entry""; p_hct_checkin_date=""{{ga 4 - room purchase - arrival date yyyy-mm-dd}}""; p_hct_partner_hotel_id=""{{CJ.HOTEL_ID - synxis MAIN JS}}""","3330","ce - impressionLoad + true flag on rooms page - Loc - Beach Resort Caye Belize - 40321"
"3692","40321 MGV - Beach Resort Caye Belize - Phrasing -Mic Ads UET - Page tag","baut","c_navTimingApi=""false""; tagId=""343158116""; c_consentInheritGtm=""false""; c_storeConvTrackCookies=""true""; uetqName=""uetq""; c_removeQueryFromUrls=""false""; c_disableAutoPageView=""false""; c_enhancedConversion=""false""; c_consentUpdates=""true""; eventType=""PAGE_LOAD""; c_enableAutoSpaTracking=""false""","3330,3332,3327,3328,3329,3331","ce - impressionLoad + true flag on rooms page - Loc - Beach Resort Caye Belize - 40321,Loc - Beach Resort Caye Belize - 40321 - All Vanity Pages,ce - addons page on synxis - Loc - Beach Resort Caye Belize - 40321,ce - addToCart on synxis - Loc - Beach Resort Caye Belize - 40321,ce - begin_checkout on synxis - Loc - Beach Resort Caye Belize - 40321,ce - RoomPurchase on synxis - Loc - Beach Resort Caye Belize - 40321"
"3693","40321 MGV - Beach Resort Caye Belize - Phrasing - Mic Ads UET - Booking Purchase","baut","p_currency=""USD""; p_hct_base_price=""{{ga 4 - room purchase - daily rate}}""; p_hct_booking_xref=""{{ga 4 - room purchase - confirmation number}}""; uetqName=""uetq""; p_hct_pagetype=""purchase""; p_hct_total_price=""{{ga 4 - room purchase - total value - rooms and addons}}""; p_hct_length_of_stay=""{{ga 4 - room purchase - nights quantity}}""; eventType=""hotel""; p_hct_checkin_date=""{{ga 4 - room purchase - arrival date yyyy-mm-dd}}""; eventAction=""purchase""; p_hct_checkout_date=""{{ga 4 - room purchase - depart date yyyy-mm-dd}}""; p_hct_partner_hotel_id=""{{CJ.HOTEL_ID - synxis MAIN JS}}""","3331","ce - RoomPurchase on synxis - Loc - Beach Resort Caye Belize - 40321"
"3816","8074 - Hollywood Gads - Awestruck - META MyHotelShop Page Tag","html","html=""<script type=\""text/javascript\"" src=\""https://mhs1.ams3.cdn.digitaloceanspaces.com/mhs-client-tracking-v1.min.js\""></script>\n<script type=\""text/javascript\"">\nmhsClientTracking.trackUser(true);\n</script>""; supportDocumentWrite=""false""","282,1560,1603,264,229,246","ce - RoomPurchase on synxis - Loc - Hollywood Beach 8074,ce - impressionLoad + true flag on rooms page - Loc - Hollywood 8074,Hollywood 8074 - All Pages,ce - begin_checkout on synxis - Loc - Hollywood Beach 8074,ce - addToCart on synxis - Loc - Hollywood Beach 8074,ce - addons page on synxis - Loc - Hollywood Beach 8074"
"3817","8074 - Hollywood Gads - Awestruck - META MyHotelShop Conversion Tag","html","html=""<script type=\""text/javascript\"" \nsrc=\""https://mhs1.ams3.cdn.digitaloceanspaces.com/mhs-client-tracking-v1.min.js\""></script>>\n<script type=\""text/javascript\"">\nvar mhsCV = {\n'revenue': {{ga 4 - room purchase - total value - rooms and addons}},\n'currency': {{ga 4 - CurrCode}},\n'roomnights': {{ga 4 - room purchase - nights quantity}},\n'rooms': {{ga 4 - room purchase - room quantity}},\n'reservationnumber': {{ga 4 - room purchase - confirmation number}},\n'hid': '25131',\n'api_key': '1ef6f605-71fc-6b3e-bd64-cfd07fe7c0ec',\n'user_id': '26865'\n};\nmhsClientTracking.trackConversion(true, mhsCV);\n</script>""; supportDocumentWrite=""false""","282","ce - RoomPurchase on synxis - Loc - Hollywood Beach 8074"
"3821","8074 - Hollywood Gads - Awestruck - Book Now - Special Offers","awct","enableNewCustomerReporting=""false""; enableConversionLinker=""true""; enableProductReporting=""false""; enableEnhancedConversion=""false""; conversionCookiePrefix=""_gcl""; enableShippingData=""false""; conversionId=""16699056327""; conversionLabel=""oZwgCLbN_usZEMfB3Zo-""; rdp=""false""","3822","8074 - Hollywood - Book Now Specials"
"3823","8074 - Hollywood Gads - Awestruck - Book Now - Header","awct","enableNewCustomerReporting=""false""; enableConversionLinker=""true""; enableProductReporting=""false""; enableEnhancedConversion=""false""; conversionCookiePrefix=""_gcl""; enableShippingData=""false""; conversionId=""16699056327""; conversionLabel=""tGOzCLnN_usZEMfB3Zo-""; rdp=""false""","3663","8074 - Hollywood - Click - Booking Engine Entrance - 'Book Now' Buttons"
"3825","8074 - Hollywood Gads - Awestruck - 360 Tour","awct","enableNewCustomerReporting=""false""; enableConversionLinker=""true""; enableProductReporting=""false""; enableEnhancedConversion=""false""; conversionCookiePrefix=""_gcl""; enableShippingData=""false""; conversionId=""16699056327""; conversionLabel=""bK6MCI28_usZEMfB3Zo-""; rdp=""false""","3824","8074 - Hollywood - CLICK - 360 Link"
"3827","8074 - Hollywood Gads - Awestruck - Start Wedding RFP","awct","enableNewCustomerReporting=""false""; enableConversionLinker=""true""; enableProductReporting=""false""; enableEnhancedConversion=""false""; conversionCookiePrefix=""_gcl""; enableShippingData=""false""; conversionId=""16699056327""; conversionLabel=""kzn9CLHnlNcZEMfB3Zo-""; rdp=""false""","3826","Hollywood 8074 - Starting Wedding RFP"
"3829","8074 - Hollywood Gads - Awestruck - Meeting Start RFP","awct","enableNewCustomerReporting=""false""; enableConversionLinker=""true""; enableProductReporting=""false""; enableEnhancedConversion=""false""; conversionCookiePrefix=""_gcl""; enableShippingData=""false""; conversionId=""16699056327""; conversionLabel=""mFrfCPn5lNcZEMfB3Zo-""; rdp=""false""","3828","Hollywood 8074 - Starting Meeting RFP"
"3831","8074 - Hollywood Gads - Awestruck - Book Spa Appointment","awct","enableNewCustomerReporting=""false""; enableConversionLinker=""true""; enableProductReporting=""false""; enableEnhancedConversion=""false""; conversionCookiePrefix=""_gcl""; enableShippingData=""false""; conversionId=""16699056327""; conversionLabel=""rWUYCLzN_usZEMfB3Zo-""; rdp=""false""","3830","Hollywood 8074 - book spa appointment"
"3833","8074 - Hollywood Gads - Awestruck - Book JWB Dinner","awct","enableNewCustomerReporting=""false""; enableConversionLinker=""true""; enableProductReporting=""false""; enableEnhancedConversion=""false""; conversionCookiePrefix=""_gcl""; enableShippingData=""false""; conversionId=""16699056327""; conversionLabel=""a4ztCL_N_usZEMfB3Zo-""; rdp=""false""","3832","Hollywood 8074 - book JWB dinner"
"3835","8074 - Hollywood Gads - Awestruck - Book Restaurant Dinner","awct","enableNewCustomerReporting=""false""; enableConversionLinker=""true""; enableProductReporting=""false""; enableEnhancedConversion=""false""; conversionCookiePrefix=""_gcl""; enableShippingData=""false""; conversionId=""16699056327""; conversionLabel=""a4ztCL_N_usZEMfB3Zo-""; rdp=""false""","3834","Hollywood 8074 - book Restaurant dinner"
"3837","8074 - Hollywood Gads - Awestruck - Contact Us - private-dining-parties","awct","enableNewCustomerReporting=""false""; enableConversionLinker=""true""; enableProductReporting=""false""; enableEnhancedConversion=""false""; conversionCookiePrefix=""_gcl""; enableShippingData=""false""; conversionId=""16699056327""; conversionLabel=""RMhICMXN_usZEMfB3Zo-""; rdp=""false""","3836","8074 - Hollywood - Form Submit - Contact Us - private-dining-parties"
"3839","Lake Conroe - Google Ads - Awestruck - Booking Entry","awct","enableNewCustomerReporting=""false""; enableConversionLinker=""true""; enableProductReporting=""false""; enableEnhancedConversion=""false""; conversionCookiePrefix=""_gcl""; enableShippingData=""false""; conversionId=""11492833019""; conversionLabel=""GbMuCM-L2vYZEPvtmugq""; rdp=""false""","2568","ce - impressionLoad + true flag on rooms page - Loc - Lake Conroe 10649"
"3849","31083 Jacksonville GADs - Wedding Lead","awct","enableNewCustomerReporting=""false""; enableConversionLinker=""true""; enableProductReporting=""false""; enableEnhancedConversion=""false""; conversionCookiePrefix=""_gcl""; enableShippingData=""false""; conversionId=""10838592340""; conversionLabel=""ghWUCKWso50aENSWn7Ao""; rdp=""false""","3850","margaritaville-hotel-jacksonville-beach -- Wedding / Meeting Lead"
"3851","30563 - Nassau - GAds Add To Cart","awct","enableNewCustomerReporting=""false""; enableConversionLinker=""true""; orderId=""{{dl.ItineraryNo - synxis}}""; enableProductReporting=""false""; conversionValue=""{{dl.TotalCost - synxis}}""; enableEnhancedConversion=""false""; conversionCookiePrefix=""_gcl""; enableShippingData=""false""; conversionId=""16461797137""; currencyCode=""{{dl.CurrCode - synxis}}""; conversionLabel=""o9SOCJaw-JoaEJGuzKk9""; rdp=""false""","226","ce - addToCart on synxis - Loc - Nassau 30563"
"3852","30563 - Nassau - GAds Begin Checkout","awct","enableNewCustomerReporting=""false""; enableConversionLinker=""true""; orderId=""{{dl.ItineraryNo - synxis}}""; enableProductReporting=""false""; conversionValue=""{{dl.TotalCost - synxis}}""; enableEnhancedConversion=""false""; conversionCookiePrefix=""_gcl""; enableShippingData=""false""; conversionId=""16461797137""; currencyCode=""{{dl.CurrCode - synxis}}""; conversionLabel=""AxisCJmw-JoaEJGuzKk9""; rdp=""false""","261","ce - begin_checkout on synxis - Loc - Nassau 30563"
